novelty,total,illumina_count,percent_illumina,gencode_count,percent_gencode
ISM,5920,4960,83.78378378378379,5111,86.33445945945945
Known,10452,8449,80.83620359739763,10452,100.0
NIC,4478,2324,51.898168825368465,2260,50.468959356855734
NNC,2056,309,15.029182879377432,2,0.09727626459143969
antisense,180,146,81.11111111111111,162,90.0
intergenic,17,14,82.35294117647058,1,5.88235294117647
