novelty,total,illumina_count,percent_illumina,gencode_count,percent_gencode
ISM,15324,12786,83.43774471417385,12429,81.10806577916992
Known,14072,13256,94.20125071063103,14072,100.0
NIC,10315,5925,57.44062045564712,5345,51.817741153659725
NNC,3305,446,13.494704992435702,13,0.39334341906202724
antisense,360,265,73.61111111111111,289,80.27777777777779
