novelty,total,illumina_count,percent_illumina,gencode_count,percent_gencode
ISM,5341,4612,86.35087062347876,4697,87.94233289646134
Known,11040,9163,82.99818840579711,11040,100.0
NIC,3922,2248,57.317695053544114,2079,53.0086690464049
NNC,1443,292,20.235620235620235,5,0.3465003465003465
antisense,177,159,89.83050847457628,164,92.65536723163842
