novelty,total,illumina_count,percent_illumina,gencode_count,percent_gencode
ISM,4205,3811,90.63020214030915,4002,95.17241379310344
Known,18569,14718,79.26113414831171,18569,100.0
NIC,6436,4524,70.29210689869484,4291,66.67184586699814
NNC,2960,1164,39.32432432432432,16,0.5405405405405406
antisense,364,283,77.74725274725274,286,78.57142857142857
intergenic,58,41,70.6896551724138,1,1.7241379310344827
