novelty,total,illumina_count,percent_illumina,gencode_count,percent_gencode
ISM,8028,7804,97.20976581963129,7772,96.81116093672148
Known,20864,18496,88.65030674846625,20864,100.0
NIC,8519,7018,82.3805610987205,6305,74.01103415893884
NNC,3591,1164,32.414369256474515,18,0.5012531328320802
antisense,539,373,69.20222634508349,426,79.0352504638219
