novelty,total,illumina_count,percent_illumina,gencode_count,percent_gencode
ISM,6835,6317,92.42136064374543,6561,95.9912216532553
Known,20003,16440,82.18767184922262,20003,100.0
NIC,8628,6631,76.8544274455262,5961,69.08901251738526
NNC,2655,1222,46.026365348399246,10,0.3766478342749529
antisense,505,405,80.19801980198021,362,71.68316831683168
